First process instance # in stats,11
Last process instance # in stats,490

Resource utilization
Resource,Utilization %
Default Resource,QBP_DEFAULT_RESOURCE,0

Individual task statistics
Name,Avg duration,Min duration,Max duration,Total duration,Avg waiting time,Min waiting time,Max waiting time,Total waiting time,Avg idle time,Min idle time,Max idle time,Total idle time,Avg cost,Min cost,Max cost,Total cost,Avg cost over thresh,Min cost over thresh,Max cost over thresh,Total cost over thresh,Avg duration over thresh,Min duration over thresh,Max duration over thresh,Total duration over thresh,Count,
A,Id_85296890-732f-4648-bf7e-5a724ffb6db9.Id_fc761b8e-8531-48d2-a34d-0ad5e1883642,0.0,0.0,0.0,0.0,0.0,0.0,0.0,0.0,0.0,0.0,0.0,0.0,0.0,0.0,0.0,0.0,0.0,0.0,0.0,0.0,0.0,0.0,0.0,0.0,480
B,Id_85296890-732f-4648-bf7e-5a724ffb6db9.Id_6912d91b-e7f9-4717-8b02-e7bdba972c0f,0.0,0.0,0.0,0.0,0.0,0.0,0.0,0.0,0.0,0.0,0.0,0.0,0.0,0.0,0.0,0.0,0.0,0.0,0.0,0.0,0.0,0.0,0.0,0.0,892
C,Id_85296890-732f-4648-bf7e-5a724ffb6db9.Id_80646c66-eb60-4725-8c70-7003e948a8fe,0.0,0.0,0.0,0.0,0.0,0.0,0.0,0.0,0.0,0.0,0.0,0.0,0.0,0.0,0.0,0.0,0.0,0.0,0.0,0.0,0.0,0.0,0.0,0.0,892
D,Id_85296890-732f-4648-bf7e-5a724ffb6db9.Id_348814ca-60ec-4267-b0c6-a491e702abcb,0.0,0.0,0.0,0.0,0.0,0.0,0.0,0.0,0.0,0.0,0.0,0.0,0.0,0.0,0.0,0.0,0.0,0.0,0.0,0.0,0.0,0.0,0.0,0.0,412
E,Id_85296890-732f-4648-bf7e-5a724ffb6db9.Id_90e6d258-b90c-4832-abd1-e47795aec62c,0.0,0.0,0.0,0.0,0.0,0.0,0.0,0.0,0.0,0.0,0.0,0.0,0.0,0.0,0.0,0.0,0.0,0.0,0.0,0.0,0.0,0.0,0.0,0.0,412
EVENT 18 END,Id_85296890-732f-4648-bf7e-5a724ffb6db9.Id_f1cdbb52-a80a-44c3-95e1-b70fa9ec09d6,0.0,0.0,0.0,0.0,0.0,0.0,0.0,0.0,0.0,0.0,0.0,0.0,0.0,0.0,0.0,0.0,0.0,0.0,0.0,0.0,0.0,0.0,0.0,0.0,164
EVENT 19 END,Id_85296890-732f-4648-bf7e-5a724ffb6db9.Id_1196e68a-6a73-4fa6-b3f5-791ed8883a10,0.0,0.0,0.0,0.0,0.0,0.0,0.0,0.0,0.0,0.0,0.0,0.0,0.0,0.0,0.0,0.0,0.0,0.0,0.0,0.0,0.0,0.0,0.0,0.0,156
EVENT 20 END,Id_85296890-732f-4648-bf7e-5a724ffb6db9.Id_37c930ef-a4e1-48ad-afe9-470668fc4d59,0.0,0.0,0.0,0.0,0.0,0.0,0.0,0.0,0.0,0.0,0.0,0.0,0.0,0.0,0.0,0.0,0.0,0.0,0.0,0.0,0.0,0.0,0.0,0.0,160
EVENT 21 START,Id_85296890-732f-4648-bf7e-5a724ffb6db9.Id_a2ceb9a1-d355-42c7-a042-52b28d6cbb68,0.0,0.0,0.0,0.0,0.0,0.0,0.0,0.0,0.0,0.0,0.0,0.0,0.0,0.0,0.0,0.0,0.0,0.0,0.0,0.0,0.0,0.0,0.0,0.0,480
F,Id_85296890-732f-4648-bf7e-5a724ffb6db9.Id_70a636d5-012d-4f05-ba40-e2bd315c8619,0.0,0.0,0.0,0.0,0.0,0.0,0.0,0.0,0.0,0.0,0.0,0.0,0.0,0.0,0.0,0.0,0.0,0.0,0.0,0.0,0.0,0.0,0.0,0.0,480
G,Id_85296890-732f-4648-bf7e-5a724ffb6db9.Id_70eb0060-3a3d-4f8a-80f2-974d2c67d62e,0.0,0.0,0.0,0.0,0.0,0.0,0.0,0.0,0.0,0.0,0.0,0.0,0.0,0.0,0.0,0.0,0.0,0.0,0.0,0.0,0.0,0.0,0.0,0.0,480
GATEWAY 1 XOR,Id_85296890-732f-4648-bf7e-5a724ffb6db9.Id_6d79386b-2ba7-4cce-9285-028fc3d45184,0.0,0.0,0.0,0.0,0.0,0.0,0.0,0.0,0.0,0.0,0.0,0.0,0.0,0.0,0.0,0.0,0.0,0.0,0.0,0.0,0.0,0.0,0.0,0.0,313
GATEWAY 10 XOR,Id_85296890-732f-4648-bf7e-5a724ffb6db9.Id_0a576a29-6996-4195-a2d1-28a67f954219,0.0,0.0,0.0,0.0,0.0,0.0,0.0,0.0,0.0,0.0,0.0,0.0,0.0,0.0,0.0,0.0,0.0,0.0,0.0,0.0,0.0,0.0,0.0,0.0,637
GATEWAY 11 AND,Id_85296890-732f-4648-bf7e-5a724ffb6db9.Id_7400a60e-c825-47fd-a0bc-bdc947f0b21d,0.0,0.0,0.0,0.0,0.0,0.0,0.0,0.0,0.0,0.0,0.0,0.0,0.0,0.0,0.0,0.0,0.0,0.0,0.0,0.0,0.0,0.0,0.0,0.0,480
GATEWAY 12 AND,Id_85296890-732f-4648-bf7e-5a724ffb6db9.Id_8e6ee1b3-bc2d-4fc7-a549-63f880da9885,0.0,0.0,0.0,0.0,0.0,0.0,0.0,0.0,0.0,0.0,0.0,0.0,0.0,0.0,0.0,0.0,0.0,0.0,0.0,0.0,0.0,0.0,0.0,0.0,480
GATEWAY 13 XOR,Id_85296890-732f-4648-bf7e-5a724ffb6db9.Id_c71278c5-47eb-4331-95cc-e2e606c9e272,0.0,0.0,0.0,0.0,0.0,0.0,0.0,0.0,0.0,0.0,0.0,0.0,0.0,0.0,0.0,0.0,0.0,0.0,0.0,0.0,0.0,0.0,0.0,0.0,480
GATEWAY 14 XOR,Id_85296890-732f-4648-bf7e-5a724ffb6db9.Id_92e7a5c5-f6dd-4fd1-82f3-9b280ea609dc,0.0,0.0,0.0,0.0,0.0,0.0,0.0,0.0,0.0,0.0,0.0,0.0,0.0,0.0,0.0,0.0,0.0,0.0,0.0,0.0,0.0,0.0,0.0,0.0,480
GATEWAY 15 AND,Id_85296890-732f-4648-bf7e-5a724ffb6db9.Id_e7b933ac-6b38-46f4-b172-50dc271d942e,0.0,0.0,0.0,0.0,0.0,0.0,0.0,0.0,0.0,0.0,0.0,0.0,0.0,0.0,0.0,0.0,0.0,0.0,0.0,0.0,0.0,0.0,0.0,0.0,480
GATEWAY 16 XOR,Id_85296890-732f-4648-bf7e-5a724ffb6db9.Id_ba54f4d7-14c5-40d0-80d8-b24d8fe05046,0.0,0.0,0.0,0.0,0.0,0.0,0.0,0.0,0.0,0.0,0.0,0.0,0.0,0.0,0.0,0.0,0.0,0.0,0.0,0.0,0.0,0.0,0.0,0.0,892
GATEWAY 17 XOR,Id_85296890-732f-4648-bf7e-5a724ffb6db9.Id_1c63e6f3-f409-4e34-b0e5-a3845afebdf3,0.0,0.0,0.0,0.0,0.0,0.0,0.0,0.0,0.0,0.0,0.0,0.0,0.0,0.0,0.0,0.0,0.0,0.0,0.0,0.0,0.0,0.0,0.0,0.0,892
GATEWAY 2 XOR,Id_85296890-732f-4648-bf7e-5a724ffb6db9.Id_f076c6dc-e6d7-4ca3-b6a9-f737d2e7dbd7,0.0,0.0,0.0,0.0,0.0,0.0,0.0,0.0,0.0,0.0,0.0,0.0,0.0,0.0,0.0,0.0,0.0,0.0,0.0,0.0,0.0,0.0,0.0,0.0,313
GATEWAY 3 XOR,Id_85296890-732f-4648-bf7e-5a724ffb6db9.Id_40e2be9c-4c4d-4425-b74f-88c0f0bc4d09,0.0,0.0,0.0,0.0,0.0,0.0,0.0,0.0,0.0,0.0,0.0,0.0,0.0,0.0,0.0,0.0,0.0,0.0,0.0,0.0,0.0,0.0,0.0,0.0,637
GATEWAY 4 XOR,Id_85296890-732f-4648-bf7e-5a724ffb6db9.Id_bcf06bb7-1e22-42b2-831d-430bc0af6bcf,0.0,0.0,0.0,0.0,0.0,0.0,0.0,0.0,0.0,0.0,0.0,0.0,0.0,0.0,0.0,0.0,0.0,0.0,0.0,0.0,0.0,0.0,0.0,0.0,321
GATEWAY 5 XOR,Id_85296890-732f-4648-bf7e-5a724ffb6db9.Id_6bf751b5-2018-4674-b293-33378c3946de,0.0,0.0,0.0,0.0,0.0,0.0,0.0,0.0,0.0,0.0,0.0,0.0,0.0,0.0,0.0,0.0,0.0,0.0,0.0,0.0,0.0,0.0,0.0,0.0,321
GATEWAY 6 AND,Id_85296890-732f-4648-bf7e-5a724ffb6db9.Id_3e6fdf19-f9ab-4c34-9bfc-a736f7ac9088,0.0,0.0,0.0,0.0,0.0,0.0,0.0,0.0,0.0,0.0,0.0,0.0,0.0,0.0,0.0,0.0,0.0,0.0,0.0,0.0,0.0,0.0,0.0,0.0,181
GATEWAY 7 AND,Id_85296890-732f-4648-bf7e-5a724ffb6db9.Id_208e83fb-3c45-4875-82b9-561a5f04aaca,0.0,0.0,0.0,0.0,0.0,0.0,0.0,0.0,0.0,0.0,0.0,0.0,0.0,0.0,0.0,0.0,0.0,0.0,0.0,0.0,0.0,0.0,0.0,0.0,181
GATEWAY 8 XOR,Id_85296890-732f-4648-bf7e-5a724ffb6db9.Id_69697684-56f8-4ab4-a6da-08d0e81ab047,0.0,0.0,0.0,0.0,0.0,0.0,0.0,0.0,0.0,0.0,0.0,0.0,0.0,0.0,0.0,0.0,0.0,0.0,0.0,0.0,0.0,0.0,0.0,0.0,321
GATEWAY 9 XOR,Id_85296890-732f-4648-bf7e-5a724ffb6db9.Id_be6753f4-7e7f-4010-86ee-cf2a0a959f7f,0.0,0.0,0.0,0.0,0.0,0.0,0.0,0.0,0.0,0.0,0.0,0.0,0.0,0.0,0.0,0.0,0.0,0.0,0.0,0.0,0.0,0.0,0.0,0.0,316
H,Id_85296890-732f-4648-bf7e-5a724ffb6db9.Id_2f6ee987-cf36-4d54-8246-bbe8a851854f,0.0,0.0,0.0,0.0,0.0,0.0,0.0,0.0,0.0,0.0,0.0,0.0,0.0,0.0,0.0,0.0,0.0,0.0,0.0,0.0,0.0,0.0,0.0,0.0,480
I,Id_85296890-732f-4648-bf7e-5a724ffb6db9.Id_98bc0cb5-1f52-4145-8298-f1d092957b9f,0.0,0.0,0.0,0.0,0.0,0.0,0.0,0.0,0.0,0.0,0.0,0.0,0.0,0.0,0.0,0.0,0.0,0.0,0.0,0.0,0.0,0.0,0.0,0.0,480
J,Id_85296890-732f-4648-bf7e-5a724ffb6db9.Id_108a799a-1c4c-4e91-a2f3-cab11a3bb62e,0.0,0.0,0.0,0.0,0.0,0.0,0.0,0.0,0.0,0.0,0.0,0.0,0.0,0.0,0.0,0.0,0.0,0.0,0.0,0.0,0.0,0.0,0.0,0.0,480
K,Id_85296890-732f-4648-bf7e-5a724ffb6db9.Id_f073394f-545e-43bd-9660-322db6ac3d14,0.0,0.0,0.0,0.0,0.0,0.0,0.0,0.0,0.0,0.0,0.0,0.0,0.0,0.0,0.0,0.0,0.0,0.0,0.0,0.0,0.0,0.0,0.0,0.0,480
L,Id_85296890-732f-4648-bf7e-5a724ffb6db9.Id_16d9ae5d-240a-4a9d-bcf1-8bebf0243df3,0.0,0.0,0.0,0.0,0.0,0.0,0.0,0.0,0.0,0.0,0.0,0.0,0.0,0.0,0.0,0.0,0.0,0.0,0.0,0.0,0.0,0.0,0.0,0.0,480
M,Id_85296890-732f-4648-bf7e-5a724ffb6db9.Id_d5cd40b9-f980-4cfd-8649-cebe494c7e4e,0.0,0.0,0.0,0.0,0.0,0.0,0.0,0.0,0.0,0.0,0.0,0.0,0.0,0.0,0.0,0.0,0.0,0.0,0.0,0.0,0.0,0.0,0.0,0.0,245
N,Id_85296890-732f-4648-bf7e-5a724ffb6db9.Id_72f86669-3868-4619-a8fc-70fbba6e7272,0.0,0.0,0.0,0.0,0.0,0.0,0.0,0.0,0.0,0.0,0.0,0.0,0.0,0.0,0.0,0.0,0.0,0.0,0.0,0.0,0.0,0.0,0.0,0.0,245
O,Id_85296890-732f-4648-bf7e-5a724ffb6db9.Id_1ee3b396-e746-4b26-98a1-d4d322e61795,0.0,0.0,0.0,0.0,0.0,0.0,0.0,0.0,0.0,0.0,0.0,0.0,0.0,0.0,0.0,0.0,0.0,0.0,0.0,0.0,0.0,0.0,0.0,0.0,235
P,Id_85296890-732f-4648-bf7e-5a724ffb6db9.Id_0f232ef8-03b7-47b0-856e-330223ab19eb,0.0,0.0,0.0,0.0,0.0,0.0,0.0,0.0,0.0,0.0,0.0,0.0,0.0,0.0,0.0,0.0,0.0,0.0,0.0,0.0,0.0,0.0,0.0,0.0,480
Q,Id_85296890-732f-4648-bf7e-5a724ffb6db9.Id_c8e6f9f0-85dd-431a-bf2d-c259e304ff5a,0.0,0.0,0.0,0.0,0.0,0.0,0.0,0.0,0.0,0.0,0.0,0.0,0.0,0.0,0.0,0.0,0.0,0.0,0.0,0.0,0.0,0.0,0.0,0.0,637
R,Id_85296890-732f-4648-bf7e-5a724ffb6db9.Id_b78c99e4-87b8-46ab-9e53-a9840a9f0a35,0.0,0.0,0.0,0.0,0.0,0.0,0.0,0.0,0.0,0.0,0.0,0.0,0.0,0.0,0.0,0.0,0.0,0.0,0.0,0.0,0.0,0.0,0.0,0.0,316
S,Id_85296890-732f-4648-bf7e-5a724ffb6db9.Id_7022ced5-670c-42ed-a004-9d691b1492fe,0.0,0.0,0.0,0.0,0.0,0.0,0.0,0.0,0.0,0.0,0.0,0.0,0.0,0.0,0.0,0.0,0.0,0.0,0.0,0.0,0.0,0.0,0.0,0.0,160
T,Id_85296890-732f-4648-bf7e-5a724ffb6db9.Id_092c2041-3617-4b3a-91e8-8f8646432635,0.0,0.0,0.0,0.0,0.0,0.0,0.0,0.0,0.0,0.0,0.0,0.0,0.0,0.0,0.0,0.0,0.0,0.0,0.0,0.0,0.0,0.0,0.0,0.0,321
U,Id_85296890-732f-4648-bf7e-5a724ffb6db9.Id_953d401b-b46d-47a2-8a23-b5c22b22e05d,0.0,0.0,0.0,0.0,0.0,0.0,0.0,0.0,0.0,0.0,0.0,0.0,0.0,0.0,0.0,0.0,0.0,0.0,0.0,0.0,0.0,0.0,0.0,0.0,181
V,Id_85296890-732f-4648-bf7e-5a724ffb6db9.Id_bca6c753-bff3-4a20-9433-4994e312d407,0.0,0.0,0.0,0.0,0.0,0.0,0.0,0.0,0.0,0.0,0.0,0.0,0.0,0.0,0.0,0.0,0.0,0.0,0.0,0.0,0.0,0.0,0.0,0.0,181
W,Id_85296890-732f-4648-bf7e-5a724ffb6db9.Id_f9719a87-12d5-4d70-ba83-c4368b7d50f8,0.0,0.0,0.0,0.0,0.0,0.0,0.0,0.0,0.0,0.0,0.0,0.0,0.0,0.0,0.0,0.0,0.0,0.0,0.0,0.0,0.0,0.0,0.0,0.0,140
X,Id_85296890-732f-4648-bf7e-5a724ffb6db9.Id_bb32e043-6f84-4587-b00b-300edc3bd559,0.0,0.0,0.0,0.0,0.0,0.0,0.0,0.0,0.0,0.0,0.0,0.0,0.0,0.0,0.0,0.0,0.0,0.0,0.0,0.0,0.0,0.0,0.0,0.0,321
Y,Id_85296890-732f-4648-bf7e-5a724ffb6db9.Id_abbf7b16-1025-4252-a40e-ccd80556fedd,0.0,0.0,0.0,0.0,0.0,0.0,0.0,0.0,0.0,0.0,0.0,0.0,0.0,0.0,0.0,0.0,0.0,0.0,0.0,0.0,0.0,0.0,0.0,0.0,164
Z,Id_85296890-732f-4648-bf7e-5a724ffb6db9.Id_f1a51307-1ca7-45e4-9e7c-adf3f9827d86,0.0,0.0,0.0,0.0,0.0,0.0,0.0,0.0,0.0,0.0,0.0,0.0,0.0,0.0,0.0,0.0,0.0,0.0,0.0,0.0,0.0,0.0,0.0,0.0,313

Scenario statistics
KPI,Min,Average,Max
Process Cycle Time (s),0.0,0.0,0.0
Process Cycle Time excluding out of timetable hours (s),0.0,0.0,0.0
Process Waiting Time (s),0.0,0.0,0.0
Accumulated Process Duration (s),0.0,0.0,0.0
Cost,0.0,0.0,0.0


Process Cycle Time (s) distribution
From,To,Count
0,-1,480
0,-1,0
0,-1,0
0,-1,0
0,-1,0
0,-1,0
0,-1,0
0,-1,0
0,-1,0
0,-1,0

Process Waiting Time (s) distribution
From,To,Count
0,-1,480
0,-1,0
0,-1,0
0,-1,0
0,-1,0
0,-1,0
0,-1,0
0,-1,0
0,-1,0
0,-1,0

Accumulated Process Duration (s) distribution
From,To,Count
0,-1,480
0,-1,0
0,-1,0
0,-1,0
0,-1,0
0,-1,0
0,-1,0
0,-1,0
0,-1,0
0,-1,0

Process Cost distribution
From,To,Count
0,-1,480
0,-1,0
0,-1,0
0,-1,0
0,-1,0
0,-1,0
0,-1,0
0,-1,0
0,-1,0
0,-1,0

In-timetable Cycle time (s) distribution
From,To,Count
0,-1,480
0,-1,0
0,-1,0
0,-1,0
0,-1,0
0,-1,0
0,-1,0
0,-1,0
0,-1,0
0,-1,0



Details
Instance #,Cycle time (s),Cycle time in time table only (s),Waiting time (s),Cost
1,0.0,0.0,0.0,0.0
2,0.0,0.0,0.0,0.0
3,0.0,0.0,0.0,0.0
4,0.0,0.0,0.0,0.0
5,0.0,0.0,0.0,0.0
6,0.0,0.0,0.0,0.0
7,0.0,0.0,0.0,0.0
8,0.0,0.0,0.0,0.0
9,0.0,0.0,0.0,0.0
10,0.0,0.0,0.0,0.0
11,0.0,0.0,0.0,0.0
12,0.0,0.0,0.0,0.0
13,0.0,0.0,0.0,0.0
14,0.0,0.0,0.0,0.0
15,0.0,0.0,0.0,0.0
16,0.0,0.0,0.0,0.0
17,0.0,0.0,0.0,0.0
18,0.0,0.0,0.0,0.0
19,0.0,0.0,0.0,0.0
20,0.0,0.0,0.0,0.0
21,0.0,0.0,0.0,0.0
22,0.0,0.0,0.0,0.0
23,0.0,0.0,0.0,0.0
24,0.0,0.0,0.0,0.0
25,0.0,0.0,0.0,0.0
26,0.0,0.0,0.0,0.0
27,0.0,0.0,0.0,0.0
28,0.0,0.0,0.0,0.0
29,0.0,0.0,0.0,0.0
30,0.0,0.0,0.0,0.0
31,0.0,0.0,0.0,0.0
32,0.0,0.0,0.0,0.0
33,0.0,0.0,0.0,0.0
34,0.0,0.0,0.0,0.0
35,0.0,0.0,0.0,0.0
36,0.0,0.0,0.0,0.0
37,0.0,0.0,0.0,0.0
38,0.0,0.0,0.0,0.0
39,0.0,0.0,0.0,0.0
40,0.0,0.0,0.0,0.0
41,0.0,0.0,0.0,0.0
42,0.0,0.0,0.0,0.0
43,0.0,0.0,0.0,0.0
44,0.0,0.0,0.0,0.0
45,0.0,0.0,0.0,0.0
46,0.0,0.0,0.0,0.0
47,0.0,0.0,0.0,0.0
48,0.0,0.0,0.0,0.0
49,0.0,0.0,0.0,0.0
50,0.0,0.0,0.0,0.0
51,0.0,0.0,0.0,0.0
52,0.0,0.0,0.0,0.0
53,0.0,0.0,0.0,0.0
54,0.0,0.0,0.0,0.0
55,0.0,0.0,0.0,0.0
56,0.0,0.0,0.0,0.0
57,0.0,0.0,0.0,0.0
58,0.0,0.0,0.0,0.0
59,0.0,0.0,0.0,0.0
60,0.0,0.0,0.0,0.0
61,0.0,0.0,0.0,0.0
62,0.0,0.0,0.0,0.0
63,0.0,0.0,0.0,0.0
64,0.0,0.0,0.0,0.0
65,0.0,0.0,0.0,0.0
66,0.0,0.0,0.0,0.0
67,0.0,0.0,0.0,0.0
68,0.0,0.0,0.0,0.0
69,0.0,0.0,0.0,0.0
70,0.0,0.0,0.0,0.0
71,0.0,0.0,0.0,0.0
72,0.0,0.0,0.0,0.0
73,0.0,0.0,0.0,0.0
74,0.0,0.0,0.0,0.0
75,0.0,0.0,0.0,0.0
76,0.0,0.0,0.0,0.0
77,0.0,0.0,0.0,0.0
78,0.0,0.0,0.0,0.0
79,0.0,0.0,0.0,0.0
80,0.0,0.0,0.0,0.0
81,0.0,0.0,0.0,0.0
82,0.0,0.0,0.0,0.0
83,0.0,0.0,0.0,0.0
84,0.0,0.0,0.0,0.0
85,0.0,0.0,0.0,0.0
86,0.0,0.0,0.0,0.0
87,0.0,0.0,0.0,0.0
88,0.0,0.0,0.0,0.0
89,0.0,0.0,0.0,0.0
90,0.0,0.0,0.0,0.0
91,0.0,0.0,0.0,0.0
92,0.0,0.0,0.0,0.0
93,0.0,0.0,0.0,0.0
94,0.0,0.0,0.0,0.0
95,0.0,0.0,0.0,0.0
96,0.0,0.0,0.0,0.0
97,0.0,0.0,0.0,0.0
98,0.0,0.0,0.0,0.0
99,0.0,0.0,0.0,0.0
100,0.0,0.0,0.0,0.0
101,0.0,0.0,0.0,0.0
102,0.0,0.0,0.0,0.0
103,0.0,0.0,0.0,0.0
104,0.0,0.0,0.0,0.0
105,0.0,0.0,0.0,0.0
106,0.0,0.0,0.0,0.0
107,0.0,0.0,0.0,0.0
108,0.0,0.0,0.0,0.0
109,0.0,0.0,0.0,0.0
110,0.0,0.0,0.0,0.0
111,0.0,0.0,0.0,0.0
112,0.0,0.0,0.0,0.0
113,0.0,0.0,0.0,0.0
114,0.0,0.0,0.0,0.0
115,0.0,0.0,0.0,0.0
116,0.0,0.0,0.0,0.0
117,0.0,0.0,0.0,0.0
118,0.0,0.0,0.0,0.0
119,0.0,0.0,0.0,0.0
120,0.0,0.0,0.0,0.0
121,0.0,0.0,0.0,0.0
122,0.0,0.0,0.0,0.0
123,0.0,0.0,0.0,0.0
124,0.0,0.0,0.0,0.0
125,0.0,0.0,0.0,0.0
126,0.0,0.0,0.0,0.0
127,0.0,0.0,0.0,0.0
128,0.0,0.0,0.0,0.0
129,0.0,0.0,0.0,0.0
130,0.0,0.0,0.0,0.0
131,0.0,0.0,0.0,0.0
132,0.0,0.0,0.0,0.0
133,0.0,0.0,0.0,0.0
134,0.0,0.0,0.0,0.0
135,0.0,0.0,0.0,0.0
136,0.0,0.0,0.0,0.0
137,0.0,0.0,0.0,0.0
138,0.0,0.0,0.0,0.0
139,0.0,0.0,0.0,0.0
140,0.0,0.0,0.0,0.0
141,0.0,0.0,0.0,0.0
142,0.0,0.0,0.0,0.0
143,0.0,0.0,0.0,0.0
144,0.0,0.0,0.0,0.0
145,0.0,0.0,0.0,0.0
146,0.0,0.0,0.0,0.0
147,0.0,0.0,0.0,0.0
148,0.0,0.0,0.0,0.0
149,0.0,0.0,0.0,0.0
150,0.0,0.0,0.0,0.0
151,0.0,0.0,0.0,0.0
152,0.0,0.0,0.0,0.0
153,0.0,0.0,0.0,0.0
154,0.0,0.0,0.0,0.0
155,0.0,0.0,0.0,0.0
156,0.0,0.0,0.0,0.0
157,0.0,0.0,0.0,0.0
158,0.0,0.0,0.0,0.0
159,0.0,0.0,0.0,0.0
160,0.0,0.0,0.0,0.0
161,0.0,0.0,0.0,0.0
162,0.0,0.0,0.0,0.0
163,0.0,0.0,0.0,0.0
164,0.0,0.0,0.0,0.0
165,0.0,0.0,0.0,0.0
166,0.0,0.0,0.0,0.0
167,0.0,0.0,0.0,0.0
168,0.0,0.0,0.0,0.0
169,0.0,0.0,0.0,0.0
170,0.0,0.0,0.0,0.0
171,0.0,0.0,0.0,0.0
172,0.0,0.0,0.0,0.0
173,0.0,0.0,0.0,0.0
174,0.0,0.0,0.0,0.0
175,0.0,0.0,0.0,0.0
176,0.0,0.0,0.0,0.0
177,0.0,0.0,0.0,0.0
178,0.0,0.0,0.0,0.0
179,0.0,0.0,0.0,0.0
180,0.0,0.0,0.0,0.0
181,0.0,0.0,0.0,0.0
182,0.0,0.0,0.0,0.0
183,0.0,0.0,0.0,0.0
184,0.0,0.0,0.0,0.0
185,0.0,0.0,0.0,0.0
186,0.0,0.0,0.0,0.0
187,0.0,0.0,0.0,0.0
188,0.0,0.0,0.0,0.0
189,0.0,0.0,0.0,0.0
190,0.0,0.0,0.0,0.0
191,0.0,0.0,0.0,0.0
192,0.0,0.0,0.0,0.0
193,0.0,0.0,0.0,0.0
194,0.0,0.0,0.0,0.0
195,0.0,0.0,0.0,0.0
196,0.0,0.0,0.0,0.0
197,0.0,0.0,0.0,0.0
198,0.0,0.0,0.0,0.0
199,0.0,0.0,0.0,0.0
200,0.0,0.0,0.0,0.0
201,0.0,0.0,0.0,0.0
202,0.0,0.0,0.0,0.0
203,0.0,0.0,0.0,0.0
204,0.0,0.0,0.0,0.0
205,0.0,0.0,0.0,0.0
206,0.0,0.0,0.0,0.0
207,0.0,0.0,0.0,0.0
208,0.0,0.0,0.0,0.0
209,0.0,0.0,0.0,0.0
210,0.0,0.0,0.0,0.0
211,0.0,0.0,0.0,0.0
212,0.0,0.0,0.0,0.0
213,0.0,0.0,0.0,0.0
214,0.0,0.0,0.0,0.0
215,0.0,0.0,0.0,0.0
216,0.0,0.0,0.0,0.0
217,0.0,0.0,0.0,0.0
218,0.0,0.0,0.0,0.0
219,0.0,0.0,0.0,0.0
220,0.0,0.0,0.0,0.0
221,0.0,0.0,0.0,0.0
222,0.0,0.0,0.0,0.0
223,0.0,0.0,0.0,0.0
224,0.0,0.0,0.0,0.0
225,0.0,0.0,0.0,0.0
226,0.0,0.0,0.0,0.0
227,0.0,0.0,0.0,0.0
228,0.0,0.0,0.0,0.0
229,0.0,0.0,0.0,0.0
230,0.0,0.0,0.0,0.0
231,0.0,0.0,0.0,0.0
232,0.0,0.0,0.0,0.0
233,0.0,0.0,0.0,0.0
234,0.0,0.0,0.0,0.0
235,0.0,0.0,0.0,0.0
236,0.0,0.0,0.0,0.0
237,0.0,0.0,0.0,0.0
238,0.0,0.0,0.0,0.0
239,0.0,0.0,0.0,0.0
240,0.0,0.0,0.0,0.0
241,0.0,0.0,0.0,0.0
242,0.0,0.0,0.0,0.0
243,0.0,0.0,0.0,0.0
244,0.0,0.0,0.0,0.0
245,0.0,0.0,0.0,0.0
246,0.0,0.0,0.0,0.0
247,0.0,0.0,0.0,0.0
248,0.0,0.0,0.0,0.0
249,0.0,0.0,0.0,0.0
250,0.0,0.0,0.0,0.0
251,0.0,0.0,0.0,0.0
252,0.0,0.0,0.0,0.0
253,0.0,0.0,0.0,0.0
254,0.0,0.0,0.0,0.0
255,0.0,0.0,0.0,0.0
256,0.0,0.0,0.0,0.0
257,0.0,0.0,0.0,0.0
258,0.0,0.0,0.0,0.0
259,0.0,0.0,0.0,0.0
260,0.0,0.0,0.0,0.0
261,0.0,0.0,0.0,0.0
262,0.0,0.0,0.0,0.0
263,0.0,0.0,0.0,0.0
264,0.0,0.0,0.0,0.0
265,0.0,0.0,0.0,0.0
266,0.0,0.0,0.0,0.0
267,0.0,0.0,0.0,0.0
268,0.0,0.0,0.0,0.0
269,0.0,0.0,0.0,0.0
270,0.0,0.0,0.0,0.0
271,0.0,0.0,0.0,0.0
272,0.0,0.0,0.0,0.0
273,0.0,0.0,0.0,0.0
274,0.0,0.0,0.0,0.0
275,0.0,0.0,0.0,0.0
276,0.0,0.0,0.0,0.0
277,0.0,0.0,0.0,0.0
278,0.0,0.0,0.0,0.0
279,0.0,0.0,0.0,0.0
280,0.0,0.0,0.0,0.0
281,0.0,0.0,0.0,0.0
282,0.0,0.0,0.0,0.0
283,0.0,0.0,0.0,0.0
284,0.0,0.0,0.0,0.0
285,0.0,0.0,0.0,0.0
286,0.0,0.0,0.0,0.0
287,0.0,0.0,0.0,0.0
288,0.0,0.0,0.0,0.0
289,0.0,0.0,0.0,0.0
290,0.0,0.0,0.0,0.0
291,0.0,0.0,0.0,0.0
292,0.0,0.0,0.0,0.0
293,0.0,0.0,0.0,0.0
294,0.0,0.0,0.0,0.0
295,0.0,0.0,0.0,0.0
296,0.0,0.0,0.0,0.0
297,0.0,0.0,0.0,0.0
298,0.0,0.0,0.0,0.0
299,0.0,0.0,0.0,0.0
300,0.0,0.0,0.0,0.0
301,0.0,0.0,0.0,0.0
302,0.0,0.0,0.0,0.0
303,0.0,0.0,0.0,0.0
304,0.0,0.0,0.0,0.0
305,0.0,0.0,0.0,0.0
306,0.0,0.0,0.0,0.0
307,0.0,0.0,0.0,0.0
308,0.0,0.0,0.0,0.0
309,0.0,0.0,0.0,0.0
310,0.0,0.0,0.0,0.0
311,0.0,0.0,0.0,0.0
312,0.0,0.0,0.0,0.0
313,0.0,0.0,0.0,0.0
314,0.0,0.0,0.0,0.0
315,0.0,0.0,0.0,0.0
316,0.0,0.0,0.0,0.0
317,0.0,0.0,0.0,0.0
318,0.0,0.0,0.0,0.0
319,0.0,0.0,0.0,0.0
320,0.0,0.0,0.0,0.0
321,0.0,0.0,0.0,0.0
322,0.0,0.0,0.0,0.0
323,0.0,0.0,0.0,0.0
324,0.0,0.0,0.0,0.0
325,0.0,0.0,0.0,0.0
326,0.0,0.0,0.0,0.0
327,0.0,0.0,0.0,0.0
328,0.0,0.0,0.0,0.0
329,0.0,0.0,0.0,0.0
330,0.0,0.0,0.0,0.0
331,0.0,0.0,0.0,0.0
332,0.0,0.0,0.0,0.0
333,0.0,0.0,0.0,0.0
334,0.0,0.0,0.0,0.0
335,0.0,0.0,0.0,0.0
336,0.0,0.0,0.0,0.0
337,0.0,0.0,0.0,0.0
338,0.0,0.0,0.0,0.0
339,0.0,0.0,0.0,0.0
340,0.0,0.0,0.0,0.0
341,0.0,0.0,0.0,0.0
342,0.0,0.0,0.0,0.0
343,0.0,0.0,0.0,0.0
344,0.0,0.0,0.0,0.0
345,0.0,0.0,0.0,0.0
346,0.0,0.0,0.0,0.0
347,0.0,0.0,0.0,0.0
348,0.0,0.0,0.0,0.0
349,0.0,0.0,0.0,0.0
350,0.0,0.0,0.0,0.0
351,0.0,0.0,0.0,0.0
352,0.0,0.0,0.0,0.0
353,0.0,0.0,0.0,0.0
354,0.0,0.0,0.0,0.0
355,0.0,0.0,0.0,0.0
356,0.0,0.0,0.0,0.0
357,0.0,0.0,0.0,0.0
358,0.0,0.0,0.0,0.0
359,0.0,0.0,0.0,0.0
360,0.0,0.0,0.0,0.0
361,0.0,0.0,0.0,0.0
362,0.0,0.0,0.0,0.0
363,0.0,0.0,0.0,0.0
364,0.0,0.0,0.0,0.0
365,0.0,0.0,0.0,0.0
366,0.0,0.0,0.0,0.0
367,0.0,0.0,0.0,0.0
368,0.0,0.0,0.0,0.0
369,0.0,0.0,0.0,0.0
370,0.0,0.0,0.0,0.0
371,0.0,0.0,0.0,0.0
372,0.0,0.0,0.0,0.0
373,0.0,0.0,0.0,0.0
374,0.0,0.0,0.0,0.0
375,0.0,0.0,0.0,0.0
376,0.0,0.0,0.0,0.0
377,0.0,0.0,0.0,0.0
378,0.0,0.0,0.0,0.0
379,0.0,0.0,0.0,0.0
380,0.0,0.0,0.0,0.0
381,0.0,0.0,0.0,0.0
382,0.0,0.0,0.0,0.0
383,0.0,0.0,0.0,0.0
384,0.0,0.0,0.0,0.0
385,0.0,0.0,0.0,0.0
386,0.0,0.0,0.0,0.0
387,0.0,0.0,0.0,0.0
388,0.0,0.0,0.0,0.0
389,0.0,0.0,0.0,0.0
390,0.0,0.0,0.0,0.0
391,0.0,0.0,0.0,0.0
392,0.0,0.0,0.0,0.0
393,0.0,0.0,0.0,0.0
394,0.0,0.0,0.0,0.0
395,0.0,0.0,0.0,0.0
396,0.0,0.0,0.0,0.0
397,0.0,0.0,0.0,0.0
398,0.0,0.0,0.0,0.0
399,0.0,0.0,0.0,0.0
400,0.0,0.0,0.0,0.0
401,0.0,0.0,0.0,0.0
402,0.0,0.0,0.0,0.0
403,0.0,0.0,0.0,0.0
404,0.0,0.0,0.0,0.0
405,0.0,0.0,0.0,0.0
406,0.0,0.0,0.0,0.0
407,0.0,0.0,0.0,0.0
408,0.0,0.0,0.0,0.0
409,0.0,0.0,0.0,0.0
410,0.0,0.0,0.0,0.0
411,0.0,0.0,0.0,0.0
412,0.0,0.0,0.0,0.0
413,0.0,0.0,0.0,0.0
414,0.0,0.0,0.0,0.0
415,0.0,0.0,0.0,0.0
416,0.0,0.0,0.0,0.0
417,0.0,0.0,0.0,0.0
418,0.0,0.0,0.0,0.0
419,0.0,0.0,0.0,0.0
420,0.0,0.0,0.0,0.0
421,0.0,0.0,0.0,0.0
422,0.0,0.0,0.0,0.0
423,0.0,0.0,0.0,0.0
424,0.0,0.0,0.0,0.0
425,0.0,0.0,0.0,0.0
426,0.0,0.0,0.0,0.0
427,0.0,0.0,0.0,0.0
428,0.0,0.0,0.0,0.0
429,0.0,0.0,0.0,0.0
430,0.0,0.0,0.0,0.0
431,0.0,0.0,0.0,0.0
432,0.0,0.0,0.0,0.0
433,0.0,0.0,0.0,0.0
434,0.0,0.0,0.0,0.0
435,0.0,0.0,0.0,0.0
436,0.0,0.0,0.0,0.0
437,0.0,0.0,0.0,0.0
438,0.0,0.0,0.0,0.0
439,0.0,0.0,0.0,0.0
440,0.0,0.0,0.0,0.0
441,0.0,0.0,0.0,0.0
442,0.0,0.0,0.0,0.0
443,0.0,0.0,0.0,0.0
444,0.0,0.0,0.0,0.0
445,0.0,0.0,0.0,0.0
446,0.0,0.0,0.0,0.0
447,0.0,0.0,0.0,0.0
448,0.0,0.0,0.0,0.0
449,0.0,0.0,0.0,0.0
450,0.0,0.0,0.0,0.0
451,0.0,0.0,0.0,0.0
452,0.0,0.0,0.0,0.0
453,0.0,0.0,0.0,0.0
454,0.0,0.0,0.0,0.0
455,0.0,0.0,0.0,0.0
456,0.0,0.0,0.0,0.0
457,0.0,0.0,0.0,0.0
458,0.0,0.0,0.0,0.0
459,0.0,0.0,0.0,0.0
460,0.0,0.0,0.0,0.0
461,0.0,0.0,0.0,0.0
462,0.0,0.0,0.0,0.0
463,0.0,0.0,0.0,0.0
464,0.0,0.0,0.0,0.0
465,0.0,0.0,0.0,0.0
466,0.0,0.0,0.0,0.0
467,0.0,0.0,0.0,0.0
468,0.0,0.0,0.0,0.0
469,0.0,0.0,0.0,0.0
470,0.0,0.0,0.0,0.0
471,0.0,0.0,0.0,0.0
472,0.0,0.0,0.0,0.0
473,0.0,0.0,0.0,0.0
474,0.0,0.0,0.0,0.0
475,0.0,0.0,0.0,0.0
476,0.0,0.0,0.0,0.0
477,0.0,0.0,0.0,0.0
478,0.0,0.0,0.0,0.0
479,0.0,0.0,0.0,0.0
480,0.0,0.0,0.0,0.0
